{
  "Use Non-ASCII Font" : false,
  "Tags" : [
    "Dynamic"
  ],
  "Ansi 12 Color" : {
    "Green Component" : 0.66531706204379559,
    "Blue Component" : 0.9438013229927007,
    "Red Component" : 0.39723996350364965
  },
  "Ansi 2 Color" : {
    "Green Component" : 0.7450980544090271,
    "Blue Component" : 0.41960784792900085,
    "Red Component" : 0.44313725829124451
  },
  "Normal Font" : "Monaco 12",
  "Bold Color" : {
    "Green Component" : 0.61299612226277367,
    "Blue Component" : 0.26736427919708028,
    "Red Component" : 1
  },
  "Ansi 3 Color" : {
    "Green Component" : 0.72156864404678345,
    "Blue Component" : 0.41960784792900085,
    "Red Component" : 0.7450980544090271
  },
  "Ansi 4 Color" : {
    "Green Component" : 0.60891879562043794,
    "Blue Component" : 0.9328524178832116,
    "Red Component" : 0.28164917883211676
  },
  "Ansi 5 Color" : {
    "Green Component" : 0.47385378649635035,
    "Blue Component" : 0.84283759124087587,
    "Red Component" : 0.91372034671532842
  },
  "Rows" : 25,
  "Default Bookmark" : "No",
  "Cursor Guide Color" : {
    "Red Component" : 0.70213186740875244,
    "Color Space" : "sRGB",
    "Alpha Component" : 0.25,
    "Blue Component" : 1,
    "Green Component" : 0.9268307089805603
  },
  "Non-ASCII Anti Aliased" : true,
  "Use Bright Bold" : true,
  "Ansi 10 Color" : {
    "Green Component" : 0.94214758211678828,
    "Blue Component" : 0.54818658759124084,
    "Red Component" : 0.68701528284671531
  },
  "Ambiguous Double Width" : false,
  "Jobs to Ignore" : [
    "rlogin",
    "ssh",
    "slogin",
    "telnet"
  ],
  "Ansi 15 Color" : {
    "Green Component" : 1,
    "Blue Component" : 1,
    "Red Component" : 1
  },
  "Foreground Color" : {
    "Green Component" : 1,
    "Blue Component" : 1,
    "Red Component" : 1
  },
  "Bound Hosts" : [

  ],
  "Blinking Cursor" : false,
  "Disable Window Resizing" : true,
  "Sync Title" : false,
  "Prompt Before Closing 2" : false,
  "BM Growl" : true,
  "Command" : "",
  "Description" : "Default",
  "Mouse Reporting" : true,
  "Screen" : -1,
  "Selection Color" : {
    "Green Component" : 0.21176470816135406,
    "Blue Component" : 0.25882354378700256,
    "Red Component" : 0.027450980618596077
  },
  "Columns" : 80,
  "Idle Code" : 0,
  "Ansi 13 Color" : {
    "Green Component" : 0.71764707565307617,
    "Blue Component" : 0.87450981140136719,
    "Red Component" : 0.86666667461395264
  },
  "Custom Command" : "No",
  "ASCII Anti Aliased" : true,
  "Non Ascii Font" : "Monaco 12",
  "Vertical Spacing" : 1,
  "Use Bold Font" : true,
  "Option Key Sends" : 2,
  "Selected Text Color" : {
    "Green Component" : 1,
    "Blue Component" : 1,
    "Red Component" : 1
  },
  "Background Color" : {
    "Green Component" : 0.14117647707462311,
    "Blue Component" : 0.13725490868091583,
    "Red Component" : 0.46274510025978088
  },
  "Character Encoding" : 4,
  "Ansi 11 Color" : {
    "Green Component" : 0.86666667461395264,
    "Blue Component" : 0.71764707565307617,
    "Red Component" : 0.87450981140136719
  },
  "Use Italic Font" : true,
  "Unlimited Scrollback" : false,
  "Keyboard Map" : {
    "0xf703-0x380000" : {
      "Action" : 0,
      "Text" : ""
    },
    "0xf702-0x320000" : {
      "Action" : 33,
      "Text" : ""
    },
    "0x62-0x100000" : {
      "Action" : 10,
      "Text" : "b"
    },
    "0xf702-0x300000" : {
      "Action" : 2,
      "Text" : ""
    },
    "0xf703-0x320000" : {
      "Action" : 34,
      "Text" : ""
    },
    "0x66-0x40000" : {
      "Action" : 25,
      "Text" : "Find...\nFind.Find..."
    },
    "0xf703-0x300000" : {
      "Action" : 0,
      "Text" : ""
    },
    "0xf72b-0x100000" : {
      "Action" : 4,
      "Text" : ""
    },
    "0xf703-0x280000" : {
      "Action" : 10,
      "Text" : "f"
    },
    "0xf702-0x280000" : {
      "Action" : 10,
      "Text" : "b"
    },
    "0x66-0x100000" : {
      "Action" : 10,
      "Text" : "f"
    },
    "0xf72c-0x100000" : {
      "Action" : 9,
      "Text" : ""
    },
    "0xf700-0x300000" : {
      "Action" : 7,
      "Text" : ""
    },
    "0xf72d-0x100000" : {
      "Action" : 8,
      "Text" : ""
    },
    "0x9-0x40000" : {
      "Action" : 32,
      "Text" : ""
    },
    "0xf701-0x300000" : {
      "Action" : 6,
      "Text" : ""
    },
    "0x54-0x120000" : {
      "Action" : 44,
      "Text" : ""
    },
    "0x19-0x60000" : {
      "Action" : 39,
      "Text" : ""
    },
    "0xf729-0x100000" : {
      "Action" : 5,
      "Text" : ""
    },
    "0x64-0x100000" : {
      "Action" : 10,
      "Text" : "d"
    },
    "0xf72c-0x20000" : {
      "Action" : 9,
      "Text" : ""
    },
    "0x2e-0x100000" : {
      "Action" : 10,
      "Text" : "."
    },
    "0xf702-0x380000" : {
      "Action" : 2,
      "Text" : ""
    },
    "0xf72d-0x20000" : {
      "Action" : 8,
      "Text" : ""
    },
    "0x7f-0x100000" : {
      "Action" : 11,
      "Text" : "0x1B 0x08"
    },
    "0x7f-0x80000" : {
      "Action" : 11,
      "Text" : "0x1B 0x08"
    }
  },
  "Window Type" : 0,
  "Initial Text" : "",
  "Background Image Location" : "",
  "Blur" : false,
  "Badge Color" : {
    "Red Component" : 1,
    "Color Space" : "sRGB",
    "Alpha Component" : 0.5,
    "Blue Component" : 0,
    "Green Component" : 0.1491314172744751
  },
  "Scrollback Lines" : 1000,
  "Send Code When Idle" : false,
  "Close Sessions On End" : true,
  "Terminal Type" : "xterm-256color",
  "Badge Text" : "Red Alert",
  "Flashing Bell" : false,
  "Visual Bell" : true,
  "Silence Bell" : false,
  "Ansi 14 Color" : {
    "Green Component" : 0.87450981140136719,
    "Blue Component" : 0.86666667461395264,
    "Red Component" : 0.71764707565307617
  },
  "Cursor Text Color" : {
    "Green Component" : 0.14117647707462311,
    "Blue Component" : 0.13725490868091583,
    "Red Component" : 0.46274510025978088
  },
  "Name" : "Red Alert",
  "Shortcut" : "",
  "Cursor Color" : {
    "Green Component" : 1,
    "Blue Component" : 1,
    "Red Component" : 1
  },
  "Transparency" : 0,
  "Guid" : "6935440B-28DC-48A0-B708-E8E62904D3BF",
  "Custom Directory" : "No",
  "Ansi 0 Color" : {
    "Green Component" : 0,
    "Blue Component" : 0,
    "Red Component" : 0
  },
  "Horizontal Spacing" : 1,
  "Link Color" : {
    "Red Component" : 0,
    "Color Space" : "sRGB",
    "Alpha Component" : 1,
    "Blue Component" : 0.73423302173614502,
    "Green Component" : 0.35916060209274292
  },
  "Ansi 6 Color" : {
    "Green Component" : 0.7450980544090271,
    "Blue Component" : 0.72156864404678345,
    "Red Component" : 0.41960784792900085
  },
  "Ansi 7 Color" : {
    "Green Component" : 0.83921569585800171,
    "Blue Component" : 0.83921569585800171,
    "Red Component" : 0.83921569585800171
  },
  "Ansi 8 Color" : {
    "Green Component" : 0.14901961386203766,
    "Blue Component" : 0.14901961386203766,
    "Red Component" : 0.14901961386203766
  },
  "Ansi 9 Color" : {
    "Green Component" : 0.14384694343065693,
    "Blue Component" : 0.32687043795620441,
    "Red Component" : 0.87921989051094895
  },
  "Ansi 1 Color" : {
    "Green Component" : 0.18199703467153286,
    "Blue Component" : 0.30443088503649635,
    "Red Component" : 0.83819000912408759
  },
  "Right Option Key Sends" : 2
}